File Name,Mean Avg,Mean Energy,Mean ZCR
voice-1.wav,-15.887535220286885,22122398828.617485,57.50273224043716
voice-2.wav,-17.865931919642858,13193165944.780952,50.51904761904762
